a_gender,b_gender,mean_weight,count
F,F,0.01875941239569984,12
F,M,-0.03038926135275093,27
M,F,0.019973845710658626,29
M,M,0.01712282073422846,141
