a_gender,b_gender,mean_weight,count
F,M,-0.0060037168915542324,8
M,F,-0.0019992071881606913,6
M,M,-0.029906381233812212,28
