a_gender,b_gender,mean_weight,count
F,M,-0.031030970080339844,8
M,F,0.004128728414442688,7
M,M,-0.005367506937564671,26
