a_category,b_category,mean_weight,count
intermediate,intermediate,-6.938893903907229e-19,5
intermediate,major,0.017244486928897202,19
intermediate,minor,-0.011979166666666666,8
major,intermediate,-0.012770216152775344,17
major,major,-0.023581580764080207,27
major,minor,0.0,2
minor,intermediate,0.0193014705882353,4
minor,major,0.011111111111111117,5
minor,minor,-0.00396825396825397,3
