a_gender,b_gender,mean_weight,count
F,F,0.0,5
F,M,-0.02989593315396334,16
M,F,-0.016609733468286102,12
M,M,0.0030969117749990996,57
