a_category,b_category,mean_weight,count
intermediate,intermediate,0.01943345155684159,12
intermediate,major,-0.0030224597365720806,24
intermediate,minor,0.006515253339850106,8
major,intermediate,0.010479267855578255,23
major,major,0.0019564629601063308,47
major,minor,0.0030642968142968073,11
minor,intermediate,-0.012906746031746035,8
minor,major,0.019985269360269363,10
minor,minor,0.008333333333333328,6
