a_gender,b_gender,mean_weight,count
F,F,0.03142589042548809,7
F,M,0.0009851128239781537,20
M,F,-0.002175695463958425,21
M,M,0.005268053832847572,101
