a_gender,b_gender,mean_weight,count
F,F,0.01906687018436064,12
F,M,-0.014805622579110292,27
M,F,-0.004527401024892638,29
M,M,0.007253667503661277,141
