a_gender,b_gender,mean_weight,count
F,F,-0.0034841708484072095,6
F,M,-0.01684268059140286,21
M,F,-0.007114241888726949,21
M,M,-0.004864917410752401,104
