a_category,b_category,mean_weight,count
intermediate,intermediate,-0.0029391506598417864,12
intermediate,major,-0.009590051727789761,25
intermediate,minor,0.010123015873015869,8
major,intermediate,0.0006755046053616934,24
major,major,0.007623837859925793,47
major,minor,-0.004568486048265464,12
minor,intermediate,0.022567941317941317,8
minor,major,0.007696545878364058,11
minor,minor,-0.00592592592592593,5
