a_category,b_category,mean_weight,count
intermediate,intermediate,0.014982616086979471,12
intermediate,major,0.004966772489306971,24
intermediate,minor,0.016817439952520594,8
major,intermediate,0.018298625499795516,23
major,major,0.01063045823149561,47
major,minor,-0.016020784770784783,11
minor,intermediate,0.002628968253968249,8
minor,major,0.022699915824915824,10
minor,minor,0.008333333333333328,6
