a_gender,b_gender,mean_weight,count
F,F,0.03330458826477705,7
F,M,-0.011667599343802279,20
M,F,0.02121728825178511,21
M,M,0.010202895676438286,101
