a_gender,b_gender,mean_weight,count
F,F,0.006208380862479423,6
F,M,0.0034473347666963165,22
M,F,0.012028866611877671,21
M,M,-4.318699105274076e-05,103
