a_gender,b_gender,mean_weight,count
F,F,0.04813664596273291,2
F,M,0.09271656705867232,4
M,F,0.06566908212560385,3
M,M,-0.0576923076923077,1
