a_gender,b_gender,mean_weight,count
F,F,-0.012452391358641362,7
F,M,0.034950047677934394,7
M,F,0.01117324168861907,6
M,M,0.007359342985453987,4
