a_gender,b_gender,mean_weight,count
F,F,0.0363999207816067,9
F,M,-0.004915381516172174,9
M,F,-0.00182006957964638,8
M,M,0.030938257850700247,5
