a_gender,b_gender,mean_weight,count
F,F,-0.01994641952921799,9
F,M,-0.0365624478322224,9
M,F,0.001622269309897434,8
M,M,0.030689626553681838,5
