a_gender,b_gender,mean_weight,count
F,F,-0.008600254727015292,7
F,M,-0.018111839888114604,7
M,F,0.021068621612722067,7
M,M,-0.04362955273749827,4
