a_gender,b_gender,mean_weight,count
F,F,0.008178603006189214,6
F,M,0.07415283809938925,7
M,F,0.022795414462081127,7
M,M,-0.0196969696969697,2
