a_gender,b_gender,mean_weight,count
F,F,-0.003128827288491159,7
F,M,-0.007149807584400861,7
M,F,-0.004926176181430079,7
M,M,-0.025259142789566945,4
