a_gender,b_gender,mean_weight,count
F,F,-0.008928571428571445,2
F,M,0.048138219307574136,4
M,F,0.05558143547273981,3
