a_gender,b_gender,mean_weight,count
F,F,0.007878605987849679,7
F,M,0.012217035459279187,7
M,F,-0.006113624691099047,7
M,M,0.03373664299673005,4
