a_gender,b_gender,mean_weight,count
F,F,0.007035498545220922,16
F,M,0.024577384030793813,19
M,F,0.01564703892355095,19
M,M,0.004994848203052532,20
