a_category,b_category,mean_weight,count
intermediate,intermediate,0.03317460317460317,6
intermediate,major,0.001900706470172407,16
intermediate,minor,0.0,1
intermediate,none,-0.021786693525823946,5
major,intermediate,-0.006150628702220558,17
major,major,0.027990324731478586,32
major,minor,-0.08333333333333336,1
major,none,-0.01865589338073114,5
minor,major,0.0394736842105263,1
none,intermediate,-0.009243049071480451,6
none,major,0.03301787321589301,7
none,minor,0.0,2
none,none,-0.05,2
