a_gender,b_gender,mean_weight,count
F,F,0.008706701542120434,31
F,M,0.010767567527099287,46
M,F,0.011107433228555801,42
M,M,0.014720586042558405,70
