a_gender,b_gender,mean_weight,count
F,F,0.017716805662523715,53
F,M,0.01474110063066962,59
M,F,0.018821604921325577,61
M,M,0.009686076088954674,112
