a_gender,b_gender,mean_weight,count
F,F,0.0027634976910373464,31
F,M,-0.006193587001380435,46
M,F,-0.006361734260587123,42
M,M,-0.003476550918421578,70
