a_gender,b_gender,mean_weight,count
F,F,0.016237293797509596,31
F,M,0.012593631075300411,39
M,F,0.017993429931072613,33
M,M,-0.0045796367601388015,49
