a_gender,b_gender,mean_weight,count
F,F,-0.001457866606302194,53
F,M,-0.003045383770910691,59
M,F,0.0029166812343095856,61
M,M,-0.004852000298749107,112
