a_gender,F,M
F,0.007771861813053877,0.011209459308198793
M,0.02973288208780808,-0.002634099616858225
