a_gender,F,M
F,0.017716805662523708,0.014741100630669602
M,0.01882160492132555,0.00968607608895466
