a_gender,b_gender,mean_weight,count
F,F,0.0056168442465219575,14
F,M,-0.00995981415340031,9
M,F,0.04111879506351075,11
M,M,-7.569702440626067e-18,2
