a_gender,b_gender,mean_weight,count
F,F,-0.001339162650298767,15
F,M,0.009614328041368308,18
M,F,-0.0017307232767028707,19
M,M,-0.005413883549148029,9
