a_gender,b_gender,mean_weight,count
F,F,0.01926445277512106,15
F,M,0.007790977679488075,18
M,F,0.014566504360215723,19
M,M,0.009766964300810164,9
