a_gender,b_gender,mean_weight,count
F,F,0.02011656830331334,16
F,M,0.0007832515605316393,13
M,F,-0.008800239605788865,16
M,M,-6.405132834375903e-19,10
