a_gender,b_gender,mean_weight,count
F,F,0.013137339678109039,20
F,M,0.005241766949948853,23
M,F,0.013982582199645365,26
M,M,0.011834497129350646,16
