a_gender,b_gender,mean_weight,count
F,F,-0.0069939591998415505,8
F,M,0.0011698082010581957,8
M,F,-0.0032452802092596297,11
M,M,-0.0075757575757575794,2
