a_gender,b_gender,mean_weight,count
F,F,0.008068242485400064,15
F,M,0.009310273249009874,19
M,F,0.006903367711619968,19
M,M,0.0066840647181022695,9
