a_gender,b_gender,mean_weight,count
F,F,0.00020918305072618152,20
F,M,0.0043236768781454915,23
M,F,-0.002493810919863753,26
M,M,0.0032952702137491615,16
