a_gender,b_gender,mean_weight,count
F,F,0.005190285618017016,15
F,M,0.0015918008334658482,19
M,F,-0.014421254074112147,19
M,M,-0.002674586229340052,9
