a_gender,b_gender,mean_weight,count
F,F,-0.0030475889850889873,8
F,M,-0.0010011016601762632,8
M,F,-0.006547650192444329,11
M,M,-3.784851220313033e-18,2
