a_category,b_category,mean_weight,count
intermediate,intermediate,-0.009044131819324763,9
intermediate,major,0.012322604292810492,16
intermediate,minor,0.050189393939393936,2
major,intermediate,0.004147261836674599,15
major,major,0.009796155576883602,12
major,minor,0.016666666666666663,2
minor,intermediate,0.0035714285714285704,4
minor,major,0.022857142857142854,2
