a_category,b_category,mean_weight,count
intermediate,intermediate,0.012417550092493257,9
intermediate,major,0.016731245785597836,16
intermediate,minor,-0.007352941176470592,2
major,intermediate,0.022724449281534838,15
major,major,0.0025247804735299955,12
major,minor,-0.03750000000000002,1
minor,intermediate,0.011363636363636364,4
minor,major,0.024999999999999998,2
