a_gender,b_gender,mean_weight,count
F,F,0.01733089892422908,15
F,M,-0.014770925302208736,9
M,F,0.0331271381718636,11
M,M,0.0219298245614035,2
