a_gender,b_gender,mean_weight,count
F,F,0.005404317353922124,12
F,M,-0.009963063083533799,8
M,F,0.00902180111177339,11
M,M,0.0462962962962963,1
