a_gender,b_gender,mean_weight,count
F,F,0.000808115295466907,12
F,M,-0.0028954948169330127,8
M,F,0.005391900981562591,11
M,M,-0.048780487804878,1
