a_gender,b_gender,mean_weight,count
F,F,0.014265136177755926,31
F,M,0.005757220765524919,17
F,,-0.0267857142857142,1
M,F,0.0035261658681189838,19
M,M,-0.0098039215686274,2
,F,0.0759803921568627,1
