a_category,b_category,mean_weight,count
intermediate,intermediate,-0.001137039993636694,17
intermediate,major,0.0041079412993905735,15
intermediate,minor,-0.0015728869895536661,3
intermediate,,0.0148305084745762,1
major,intermediate,0.0028429166110293174,13
major,major,-0.00914659705401165,2
major,minor,0.0,2
minor,intermediate,-0.010977349741394665,3
minor,major,0.0,1
,intermediate,0.0280612244897959,1
