a_gender,b_gender,mean_weight,count
F,F,0.005057487833951721,23
F,M,-0.0008524397903375418,14
F,,-0.03125,1
M,F,0.009821553462803919,17
M,M,0.0,1
,F,0.0759803921568627,1
