a_gender,b_gender,mean_weight,count
F,F,0.008068242485400053,15
F,M,0.009310273249009862,19
M,F,0.006903367711619955,19
M,M,0.006684064718102256,9
