a_gender,b_gender,mean_weight,count
F,F,0.019264452775121024,15
F,M,0.007790977679488066,18
M,F,0.014566504360215705,19
M,M,0.009766964300810178,9
