a_category,b_category,mean_weight,count
intermediate,intermediate,-0.009044131819324747,9
intermediate,major,0.012322604292810482,16
intermediate,minor,0.050189393939393895,2
major,intermediate,0.004147261836674593,15
major,major,0.009796155576883568,12
major,minor,0.01666666666666665,2
minor,intermediate,0.00357142857142855,4
minor,major,0.02285714285714285,2
