a_gender,b_gender,mean_weight,count
F,F,0.01313733967810902,20
F,M,0.005241766949948844,23
M,F,0.01398258219964535,26
M,M,0.011834497129350651,16
