a_gender,b_gender,mean_weight,count
F,F,0.001032178515495734,23
F,M,-0.004810422314857476,15
M,F,0.004218804712235756,17
M,M,0.0,1
