a_gender,b_gender,mean_weight,count
F,F,-0.0025570657549614496,13
F,M,-0.013550135501355013,3
M,F,-0.013162988772744863,6
