a_category,b_category,mean_weight,count
intermediate,intermediate,-0.005017626498153986,17
intermediate,major,0.004405975655811785,15
intermediate,minor,0.00990675990675991,3
intermediate,none,-0.012500000000000006,1
major,intermediate,-0.007269691750944907,13
major,major,-0.006449748062806708,2
major,minor,0.0,1
minor,intermediate,0.0005819060166886205,3
minor,major,0.0,1
none,intermediate,-0.03125000000000001,1
