a_category,b_category,mean_weight,count
intermediate,intermediate,-0.004557655806090405,20
intermediate,major,0.010268453762292087,16
intermediate,minor,-0.008229943687942842,5
intermediate,none,-0.02678571428571429,1
major,intermediate,0.019092518049391077,16
major,major,0.01316217896481961,2
major,minor,0.055555555555555566,2
minor,intermediate,0.007309941520467838,4
minor,major,0.020833333333333332,4
none,intermediate,0.07598039215686274,1
