a_gender,b_gender,mean_weight,count
F,F,-0.009950659281134483,12
F,M,0.013888888888888873,3
M,F,0.0027091644738703583,6
