a_gender,b_gender,mean_weight,count
F,F,0.011738352373903036,31
F,M,0.003642839565309124,17
M,F,-0.007357468042171794,19
M,M,-0.009803921568627449,2
