a_gender,b_gender,mean_weight,count
F,F,-0.006906240186335039,22
F,M,-0.004673442212372029,15
M,F,0.007464082972703453,17
M,M,0.0,1
