a_gender,b_gender,mean_weight,count
F,F,0.014265136177755933,31
F,M,0.005757220765524914,17
M,F,0.003526165868118988,19
M,M,-0.009803921568627449,2
