a_gender,b_gender,mean_weight,count
F,F,0.005057487833951725,23
F,M,-0.0008524397903375503,14
M,F,0.009821553462803934,17
M,M,0.0,1
