a_category,b_category,mean_weight,count
intermediate,intermediate,-0.003555383996896985,17
intermediate,major,0.017627817819168477,15
intermediate,minor,-0.008666067762733017,3
intermediate,none,-0.03125000000000001,1
major,intermediate,0.0055847379930924375,12
major,major,0.016814125220353714,2
major,minor,0.0,2
minor,intermediate,-0.0024227234753550573,3
minor,major,0.0,1
none,intermediate,0.07598039215686274,1
