a_gender,b_gender,mean_weight,count
F,F,0.005076594309556083,23
F,M,-0.002652037001615894,14
M,F,-0.006249829378736994,17
M,M,0.0,1
