a_category,b_category,mean_weight,count
intermediate,intermediate,-0.0011370399936367131,17
intermediate,major,0.004107941299390578,15
intermediate,minor,-0.0015728869895536672,3
intermediate,none,0.01483050847457627,1
major,intermediate,0.0028429166110293413,13
major,major,-0.009146597054011664,2
major,minor,0.0,2
minor,intermediate,-0.010977349741394684,3
minor,major,0.0,1
none,intermediate,0.02806122448979592,1
