a_gender,b_gender,mean_weight,count
F,F,-0.008420836555879547,19
F,M,-0.015625000000000007,4
M,F,0.021467875687824538,9
