a_gender,b_gender,mean_weight,count
F,F,0.012415798462310095,4
F,M,0.00268887182555682,17
M,F,-0.025125767042752316,13
M,M,-0.0024444457939577125,48
