a_gender,b_gender,mean_weight,count
F,F,0.037133849815535865,12
F,M,0.02032298624976513,21
M,F,0.030618931197902398,20
M,M,0.0035142501733257084,79
