a_category,b_category,mean_weight,count
intermediate,intermediate,0.015976795564561518,16
intermediate,major,-0.004125109952856602,20
intermediate,minor,-4.11193712824132e-18,3
major,intermediate,0.011639980593453069,17
major,major,0.02486148511012605,18
major,minor,0.012499999999999994,4
minor,intermediate,0.05185185185185185,3
minor,major,-0.07368421052631582,1
