a_gender,b_gender,mean_weight,count
F,F,0.01423569446825261,4
F,M,0.013287903535397206,17
M,F,0.016715316833578426,13
M,M,0.009380167088849596,48
