a_gender,b_gender,mean_weight,count
F,F,0.04128718681148348,3
F,M,0.0032539446755132924,6
M,F,0.020761015487558477,8
M,M,0.006783335343706855,11
