a_gender,b_gender,mean_weight,count
F,F,0.004600810887148095,12
F,M,0.006483670867240357,21
M,F,-0.01787084066850752,20
M,M,-0.009629492380982912,79
