a_category,b_category,mean_weight,count
intermediate,intermediate,0.007468268040076551,16
intermediate,major,-0.004031199683897637,20
intermediate,minor,-0.009259259259259264,3
major,intermediate,-0.004465220047684383,17
major,major,-0.006400493316384181,18
major,minor,-0.018750000000000006,4
minor,intermediate,-0.05925925925925928,3
minor,major,0.08421052631578944,1
