a_gender,b_gender,mean_weight,count
F,F,0.04117013121037889,4
F,M,-0.024511877304564514,13
M,F,0.025502698554169145,12
M,M,-0.013186347159459287,37
