a_gender,b_gender,mean_weight,count
F,F,-0.01059748517929996,9
F,M,0.005778256704980844,5
M,F,-0.010249524577966228,9
M,M,0.0008794207952693172,6
