a_gender,b_gender,mean_weight,count
F,F,0.005383279480494688,16
F,M,0.0072388092113673174,18
M,F,0.0023497479556323624,17
M,M,-0.004387460845162714,11
