a_category,b_category,mean_weight,count
intermediate,intermediate,0.010048742313074396,22
intermediate,major,0.012599818908369741,17
major,intermediate,-0.014828910399041655,17
major,major,0.0041561513158788095,6
