a_gender,b_gender,mean_weight,count
F,F,-0.015776254478009354,14
F,M,0.003210142613878247,9
M,F,-0.008346765882386423,13
M,M,-0.00401103213603214,8
