a_gender,b_gender,mean_weight,count
F,F,-0.0032392197525231443,16
F,M,0.00831352117804959,18
M,F,-0.0030180746772078145,17
M,M,-0.007744151227603072,11
