a_category,b_category,mean_weight,count
intermediate,intermediate,-0.0014472066422292274,22
intermediate,major,-0.004072079746189649,17
major,intermediate,0.005528445908434756,17
major,major,-0.005266124413461357,6
