a_gender,b_gender,mean_weight,count
F,F,0.0029658829436794622,17
F,M,0.019003531530965807,19
M,F,0.003769558078121791,20
M,M,-0.0011483643048812704,13
