a_gender,b_gender,mean_weight,count
F,F,-0.002584021527914166,17
F,M,0.016068123671267646,19
M,F,-6.72141675409927e-05,20
M,M,-0.003988640782330805,13
