a_gender,F,M
F,0.01733089892422908,-0.014770925302208736
M,0.0331271381718636,0.0219298245614035
