a_gender,b_gender,mean_weight,count
F,F,0.0018785958513331878,17
F,M,0.02020257338024986,19
M,F,0.006194105412885,20
M,M,0.0069124799348476386,13
