family,importance,mean_conv
adverbs,major,-0.06349206349206349
articles,major,0.04761904761904767
auxiliary_verbs,major,-0.010582010582010581
conjunctions,major,-0.06349206349206349
impersonal_pronouns,major,0.0
negations,major,0.02777777777777779
personal_pronouns,major,-0.010582010582010581
prepositions,major,-0.015873015873015872
quantifiers,major,0.05555555555555558
