family,gender,mean_conv
adverbs,F,0.0
adverbs,M,0.02182539682539682
articles,M,0.15785714285714286
auxiliary_verbs,F,0.0
auxiliary_verbs,M,0.016428571428571414
conjunctions,M,0.08333333333333333
impersonal_pronouns,F,0.0
impersonal_pronouns,M,0.08124999999999999
negations,M,0.01944444444444443
personal_pronouns,F,0.0
personal_pronouns,M,0.030782312925170054
prepositions,F,0.0
prepositions,M,0.002579365079365061
quantifiers,M,0.07708333333333332
