a_gender,b_gender,mean_weight,count
F,M,0.0322943722943723,2
M,F,0.0,1
M,M,0.039318670521323415,5
