a_gender,b_gender,mean_weight,count
F,F,-0.009666624208246977,5
F,M,0.007823573049506908,6
M,F,0.023551351238900287,5
M,M,-0.007540236066880339,8
