a_category,b_category,mean_weight,count
intermediate,intermediate,0.05999999999999999,2
intermediate,major,-0.004966464915742706,5
major,intermediate,0.011827334992488826,7
major,major,0.0011912993084303436,6
major,minor,0.0,2
minor,major,0.04166666666666666,2
