a_gender,b_gender,mean_weight,count
F,F,-0.02416656052061744,2
F,M,0.010658335834487352,5
M,F,-0.03124945823198127,5
M,M,0.004096857643397309,7
