a_gender,b_gender,mean_weight,count
F,F,0.008725205247860659,2
F,M,0.004736484805247315,5
M,F,0.0062186912799090934,5
M,M,-0.003625243121552576,7
