a_gender,b_gender,mean_weight,count
F,F,0.0034900820991442634,5
F,M,0.004206775429822979,6
M,F,0.010977345015999706,5
M,M,0.021357795174745738,8
