a_gender,b_gender,mean_weight,count
F,F,0.01752857077997661,33
F,M,0.004070697313648412,17
M,F,0.012860866212091615,18
M,M,0.009586833609893517,6
