a_gender,F,M
F,0.00872520524786065,0.0047364848052473
M,0.0062186912799090995,-0.003625243121552556
