a_category,major,intermediate,minor
major,0.0007545672040194171,0.016848528711449484,
intermediate,-0.00413474966538798,-0.0666666666666666,
minor,0.0285714285714285,,
