a_category,b_category,mean_weight,count
intermediate,intermediate,0.010048742313074373,22
intermediate,major,0.012599818908369736,17
major,intermediate,-0.014828910399041629,17
major,major,0.004156151315878817,6
