a_gender,b_gender,mean_weight,count
F,F,0.005383279480494675,16
F,M,0.007238809211367305,18
M,F,0.0023497479556323585,17
M,M,-0.004387460845162682,11
