a_gender,b_gender,mean_weight,count
F,F,0.0029658829436794466,17
F,M,0.019003531530965796,19
M,F,0.003769558078121779,20
M,M,-0.0011483643048812466,13
