a_gender,F,M
F,0.01875941239569985,-0.030389261352750926
M,0.019973845710658623,0.01712282073422846
