a_category,b_category,mean_weight,count
intermediate,intermediate,-0.04166666666666665,2
intermediate,major,0.054269495887906714,12
intermediate,minor,0.0,1
intermediate,,-0.052083333333333336,2
major,intermediate,0.03584357271296046,11
major,major,0.00298802736696475,16
major,minor,0.030143676903959943,5
major,,0.031185074877753988,6
minor,major,-0.005177626606198052,6
minor,,0.0,1
,intermediate,-0.0449633699633699,2
,major,-0.030380731696279,6
,minor,0.0374999999999999,1
