a_gender,b_gender,mean_weight,count
F,F,0.008231136543734075,17
F,M,0.0112397805171947,14
F,,0.0016010086611597599,5
M,F,0.011809621070468745,13
M,M,0.03564106938491172,7
M,,-0.002257525083612025,4
,F,0.0169664702339567,6
,M,0.04407663592446195,2
