a_category,b_category,mean_weight,count
intermediate,major,0.021692972467980586,12
intermediate,minor,0.0,1
intermediate,,0.037593984962406,1
major,intermediate,0.011630295351743626,11
major,major,0.024118376560314094,16
major,minor,0.0012862616310892222,5
major,,-0.005517005998722186,7
minor,major,-0.01337924058512295,6
minor,,0.0,1
,intermediate,0.0428957007904376,2
,major,0.00527658277880224,5
,minor,0.0777777777777777,1
