a_gender,b_gender,mean_weight,count
F,F,0.006395907769332099,18
F,M,0.03425390249791282,14
F,,0.023266212339326225,6
M,F,0.02024151838205713,13
M,M,0.033977533266582455,8
M,,-0.0188844971453667,3
,F,-0.033986740165922014,7
,M,0.0015980255285201021,2
