a_category,major,intermediate,minor
major,0.01440201701457355,0.034376278939982616,0.0
intermediate,0.026144916364440444,0.010474803881666632,0.01691251456876455
minor,0.0,0.004414682539682525,
