a_gender,F,M
F,0.01853198901359548,0.0134095360775899
M,0.023101306353930543,0.0333333333333333
