a_gender,F,M
F,0.014482646733360117,0.011299353861409055
M,0.019924027590119957,0.011574004639037754
