a_gender,b_gender,mean_weight,count
F,F,0.007890122628784604,26
F,M,0.0018774327409074067,18
M,F,0.007388986432659098,20
M,M,-0.011414594721596541,9
