a_gender,b_gender,mean_weight,count
F,F,0.006114423382936275,26
F,M,0.014440305118920986,18
M,F,0.01655616930763549,20
M,M,0.054297889779795716,9
