a_gender,b_gender,mean_weight,count
F,F,-0.009778806876034685,11
F,M,-0.0020429504969283014,5
M,F,-0.018718876439464682,6
