a_gender,b_gender,mean_weight,count
F,F,0.02585772472156269,11
F,M,0.03955520521734444,7
M,F,0.023275449362405883,6
