a_gender,b_gender,mean_weight,count
F,F,0.005622186727859728,17
F,M,-0.017968476355161793,14
M,F,0.002714919690400722,13
M,M,-0.00012475209519544308,7
