a_category,b_category,mean_weight,count
intermediate,major,0.005304731079739221,12
intermediate,minor,0.0,1
intermediate,none,0.09022556390977446,1
major,intermediate,0.005796621371725541,11
major,major,0.0057904761991808655,16
major,minor,-0.018582375478927198,5
major,none,0.007789819385053675,7
minor,major,-0.041452692187986306,6
minor,none,0.0,1
none,intermediate,-0.036051667630614986,2
none,major,-0.011316219235014736,5
none,minor,-0.03333333333333334,1
