a_gender,b_gender,mean_weight,count
F,F,-0.00027577744015098554,18
F,M,0.00677951382358637,13
M,F,-0.007071975464016186,13
M,M,-0.039509552229379824,8
