a_gender,b_gender,mean_weight,count
F,F,0.015242313939165615,19
F,M,0.003747655499335241,12
M,F,-0.0015335614677719923,10
M,M,0.0,1
