a_category,b_category,mean_weight,count
intermediate,major,0.022135576638682226,7
intermediate,none,0.010526315789473682,2
major,intermediate,0.058333333333333334,4
major,major,0.033002089013521696,12
major,minor,-0.08333333333333333,1
major,none,0.0035714285714285713,3
none,intermediate,-0.01785714285714288,2
none,major,0.0339212228101117,3
