a_category,b_category,mean_weight,count
intermediate,major,0.021692972467980607,12
intermediate,minor,0.0,1
intermediate,none,0.037593984962406034,1
major,intermediate,0.011630295351743621,11
major,major,0.02411837656031414,16
major,minor,0.0012862616310892222,5
major,none,-0.005517005998722193,7
minor,major,-0.013379240585122937,6
minor,none,0.0,1
none,intermediate,0.04289570079043764,2
none,major,0.0052765827788022485,5
none,minor,0.07777777777777778,1
