a_gender,b_gender,mean_weight,count
F,F,0.006395907769332098,18
F,M,0.03425390249791284,14
M,F,0.020241518382057136,13
M,M,0.03397753326658248,8
