a_category,b_category,mean_weight,count
intermediate,intermediate,0.0,2
intermediate,major,0.01974537959116134,12
intermediate,minor,0.0,1
intermediate,none,-1.3481279584734044e-17,2
major,intermediate,-0.02321750851297343,11
major,major,-0.0038768675462753197,16
major,minor,-0.009463147258065597,4
major,none,0.01270640237082059,8
minor,major,-0.0344186507936508,6
none,intermediate,0.04891906206365257,2
none,major,-0.018083840176593233,7
none,minor,-3.700743415417188e-17,1
