a_gender,b_gender,mean_weight,count
F,F,0.008231136543734094,17
F,M,0.01123978051719471,14
M,F,0.011809621070468774,13
M,M,0.03564106938491175,7
