a_gender,F,M
F,0.01707155458975341,0.008649139252964129
M,0.007609684888311804,0.008780910391618166
