a_category,b_category,mean_weight,count
intermediate,intermediate,0.032862884160756486,10
intermediate,major,-0.011432006897412158,7
intermediate,,0.048917402405188104,6
major,intermediate,0.03815882439887769,8
major,major,0.01492478578940622,5
major,minor,0.0,1
major,,0.04554144123093552,5
minor,,0.013888888888888867,3
,intermediate,0.017143886475025533,6
,major,0.04332848852104414,5
,minor,0.0648148148148148,3
,,0.027395530308986553,2
