a_gender,b_gender,mean_weight,count
F,F,0.0011350345560872006,6
F,M,0.020659560679037417,11
F,,0.007478938693084122,9
M,F,0.016859726671328703,13
M,M,0.008623287420975232,19
M,,0.006848082819956911,10
,F,-0.006840444632979499,7
,M,0.03199584985101398,10
,,-0.0197212046560032,2
