a_gender,b_gender,mean_weight,count
F,F,0.005961802258098534,3
F,M,0.003317196336141787,8
F,,0.005234627139108217,6
M,F,0.015387041742713698,9
M,M,0.017796267730273173,11
M,,-0.00537746616522395,8
,F,0.004668767461047799,5
,M,-0.0046583008705944305,10
,,-0.006229899477184351,2
