a_category,b_category,mean_weight,count
intermediate,intermediate,0.016448538541561773,7
intermediate,major,0.022837459735105658,9
intermediate,,-0.011602608003828917,6
major,intermediate,0.001638349060585075,8
major,major,0.008976319657858839,5
major,minor,0.0,2
major,,0.01264240297383292,5
minor,,-0.0017361111111111327,3
,intermediate,-0.007406482728033514,7
,major,0.03072124153910586,5
,minor,-0.041666666666666664,3
,,-0.006229899477184351,2
