a_gender,F,M
F,0.01313733967810902,0.005241766949948844
M,0.01398258219964535,0.011834497129350651
