a_category,major,intermediate,minor
major,0.004373499047737842,0.016975442720915435,-0.0568181818181818
intermediate,0.010354934199496844,0.007162875949999006,-0.014093137254901925
minor,0.04008714596949887,0.04005928853754938,
