a_gender,b_gender,mean_weight,count
F,F,-0.00688011089932945,10
F,M,0.010822908727508171,17
M,F,0.007086420793618758,19
M,M,0.013157994988069804,20
