a_gender,b_gender,mean_weight,count
F,F,-0.002839566338471572,11
F,M,0.008186378739794092,21
M,F,0.0054981139457663045,21
M,M,0.005840988748597187,32
