a_gender,F,M
F,0.014265136177755926,0.005757220765524919
M,0.0035261658681189838,-0.0098039215686274
