a_category,major,intermediate,minor
major,0.0131621789648196,0.019092518049391063,0.05555555555555555
intermediate,0.010268453762292068,-0.004557655806090384,-0.00822994368794282
minor,0.020833333333333325,0.00730994152046782,
