a_gender,b_gender,mean_weight,count
F,F,0.007771861813053877,13
F,M,0.011209459308198793,14
F,,-0.0210843373493975,1
M,F,0.02973288208780808,15
M,M,-0.002634099616858225,4
M,,-0.005263157894736833,3
,F,-0.0074257425742574,1
,M,0.006666666666666667,3
,,0.0,1
