a_category,b_category,mean_weight,count
intermediate,intermediate,0.0033551554828150495,2
intermediate,major,0.028080001633347,7
intermediate,minor,0.009999999999999966,3
intermediate,,0.0,1
major,intermediate,0.01779583041264728,6
major,major,0.057871754828991595,2
major,minor,0.0034161490683229986,2
major,,-0.01887550200803205,2
minor,intermediate,0.0,2
minor,major,-0.01906679303738128,5
minor,minor,0.0,2
,intermediate,0.0,1
,major,0.0196204620462046,2
