a_gender,b_gender,mean_weight,count
F,F,0.00402673083579153,10
F,M,0.013179194838401987,8
F,,-0.0210843373493975,1
M,F,0.020144207310684933,11
M,M,0.0,2
M,,-0.0083333333333333,2
,F,-0.0074257425742574,1
,M,0.0233333333333333,2
