a_category,b_category,mean_weight,count
intermediate,intermediate,0.010416666666666649,2
intermediate,major,-2.759740259740022e-05,7
intermediate,minor,0.0208333333333333,3
intermediate,,0.0,1
major,intermediate,0.010603328022341131,6
major,major,0.00531933677863915,2
major,minor,-0.0060311781242013505,2
major,,-0.00041666666666670014,2
minor,intermediate,0.0,2
minor,major,-0.014853088382500119,5
minor,minor,0.0,2
,intermediate,0.0,1
,major,-0.02206187511790225,2
