a_gender,F,M
F,0.01752857077997661,0.004070697313648412
M,0.012860866212091615,0.009586833609893517
