a_category,major,intermediate,minor
major,0.012687595249653733,0.021778892691521716,-0.05
intermediate,0.013210063450280978,0.009795411289641124,0.004032258064516125
minor,0.0333333333333333,0.043555900621118,
