a_gender,F,M
F,0.014398159066960636,0.015640418381624353
M,0.01377616410658354,0.018778244798394888
