a_gender,F,M
F,-0.002839566338471572,0.008186378739794092
M,0.0054981139457663045,0.005840988748597187
