a_gender,b_gender,mean_weight,count
F,F,-0.010714285714285714,7
F,M,-0.0375494071146245,4
M,F,0.005416666666666664,8
M,M,0.0,2
