a_gender,b_gender,mean_weight,count
F,F,-0.016666666666666673,1
F,M,0.0,2
M,F,-0.004040404040404047,3
