a_gender,b_gender,mean_weight,count
F,F,-0.004896800371570322,10
F,M,0.012243364100523272,8
M,F,-0.00628108664008625,11
M,M,0.0,2
