a_category,b_category,mean_weight,count
intermediate,intermediate,0.003355155482815052,2
intermediate,major,-0.00743471742567584,7
intermediate,minor,-0.01666666666666667,3
intermediate,none,0.0,1
major,intermediate,0.0024824453649168916,6
major,major,0.008330287524366473,2
major,minor,-0.007453416149068318,2
major,none,0.013085676037483273,2
minor,intermediate,0.0,2
minor,major,0.016466817496229257,5
minor,minor,0.0,2
none,intermediate,0.0,1
none,major,-0.008762376237623772,2
