a_gender,b_gender,mean_weight,count
F,F,-0.0031829619726678566,10
F,M,0.014984676556930584,8
M,F,-0.0015433452439266374,11
M,M,0.0,2
