a_gender,b_gender,mean_weight,count
F,F,0.007771861813053885,13
F,M,0.011209459308198805,14
M,F,0.029732882087808093,15
M,M,-0.002634099616858239,4
