a_gender,b_gender,mean_weight,count
F,F,-0.007989387391790266,13
F,M,0.0001384633107322154,14
M,F,0.010003421174998148,15
M,M,0.0066251596424010215,4
