a_gender,b_gender,mean_weight,count
F,F,0.004026730835791551,10
F,M,0.013179194838402002,8
M,F,0.020144207310684944,11
M,M,0.0,2
