a_gender,b_gender,mean_weight,count
F,F,0.0034451515606638908,10
F,M,0.0022499348122749607,8
M,F,-0.0044364729725177654,11
M,M,0.0,2
