a_gender,b_gender,mean_weight,count
F,F,-0.03571428571428571,1
F,M,0.0,2
M,F,0.01031746031746031,3
