a_category,b_category,mean_weight,count
intermediate,intermediate,0.03822222222222222,2
intermediate,major,-0.016486354388196917,7
intermediate,minor,-0.015432098765432098,3
intermediate,none,0.0,1
major,intermediate,0.009785645651885912,6
major,major,-0.004647268511924549,2
major,minor,0.02817057156679799,2
major,none,-0.0005962227736421282,2
minor,intermediate,0.0,2
minor,major,-0.008123438280859577,5
minor,minor,0.0,2
none,major,0.026007625272331143,2
