a_category,b_category,mean_weight,count
intermediate,intermediate,0.0033551554828150547,2
intermediate,major,0.028080001633347014,7
intermediate,minor,0.009999999999999997,3
intermediate,none,0.0,1
major,intermediate,0.017795830412647293,6
major,major,0.05787175482899168,2
major,minor,0.0034161490683229864,2
major,none,-0.018875502008032126,2
minor,intermediate,0.0,2
minor,major,-0.01906679303738128,5
minor,minor,0.0,2
none,intermediate,0.0,1
none,major,0.01962046204620461,2
