a_category,b_category,mean_weight,count
intermediate,intermediate,0.010416666666666663,2
intermediate,major,-2.759740259739942e-05,7
intermediate,minor,0.020833333333333332,3
intermediate,none,0.0,1
major,intermediate,0.01060332802234114,6
major,major,0.005319336778639114,2
major,minor,-0.0060311781242013696,2
major,none,-0.00041666666666666935,2
minor,intermediate,0.0,2
minor,major,-0.014853088382500152,5
minor,minor,0.0,2
none,intermediate,0.0,1
none,major,-0.02206187511790229,2
