a_gender,b_gender,mean_weight,count
F,F,0.014398159066960636,20
F,M,0.015640418381624353,23
M,F,0.01377616410658354,25
M,M,0.018778244798394888,15
