a_gender,F,M
F,0.03713384981553586,0.020322986249765113
M,0.030618931197902367,0.0035142501733256976
