a_gender,b_gender,mean_weight,count
F,F,0.007878605987849686,7
F,M,0.012217035459279171,7
M,F,-0.00611362469109907,7
M,M,0.03373664299673002,4
