a_gender,b_gender,mean_weight,count
F,F,-0.012452391358641356,7
F,M,0.03495004767793437,7
M,F,0.011173241688619051,6
M,M,0.0073593429854539975,4
