a_gender,b_gender,mean_weight,count
F,F,0.036399920781606684,9
F,M,-0.00491538151617221,9
M,F,-0.001820069579646413,8
M,M,0.03093825785070022,5
