character,out_degree,in_degree,adaptability_out_strength,adaptability_in_strength,betweenness,betweenness_weighted,gender,category
Harriet,3,3,0.18863717301217292,0.0808383736559139,0.0,0.03571428571428571,F,major
Lilia,2,2,0.16137566137566128,0.0337722908093278,0.0,0.19642857142857142,F,intermediate
Mr. Herriton,5,6,0.1373003644959258,0.30950637357812816,0.30357142857142855,0.5,M,major
Mrs. Herriton,3,4,0.1076884365829604,0.0585020824357316,0.10714285714285714,0.10714285714285714,F,intermediate
The Landlady,1,0,0.1041666666666666,0.0,0.0,0.0,F,minor
Spiridione,1,1,0.0702811244979919,0.0222222222222222,0.0,0.0,M,intermediate
Signor Carella,4,4,0.05393649442180722,0.19876946220764102,0.23214285714285712,0.375,M,major
Caroline Abbott,4,4,0.0238180722765531,0.1435931884207745,0.08928571428571427,0.0,F,major
Irma,1,0,0.0,0.0,0.0,0.0,F,minor
