a_gender,b_gender,mean_weight,count
F,F,0.008706701542120424,31
F,M,0.010767567527099273,46
F,,0.0035829823764043727,11
M,F,0.011107433228555777,42
M,M,0.014720586042558383,70
M,,-0.004337485804686641,12
,F,0.011376605337179928,11
,M,0.0034641885952483,12
,,-0.006229899477184351,2
