a_category,b_category,mean_weight,count
intermediate,intermediate,0.0328628841607565,10
intermediate,major,-0.011432006897412184,7
intermediate,none,0.04891740240518816,6
major,intermediate,0.03815882439887769,8
major,major,0.014924785789406226,5
major,minor,0.0,1
major,none,0.04554144123093554,5
minor,none,0.013888888888888888,3
none,intermediate,0.017143886475025513,6
none,major,0.04332848852104416,5
none,minor,0.06481481481481481,3
none,none,0.027395530308986577,2
