a_gender,b_gender,mean_weight,count
F,F,0.006291547958214611,3
F,M,0.013530316781544361,7
M,F,0.0067824345542145115,7
M,M,0.033388243874198316,14
