a_category,b_category,mean_weight,count
intermediate,intermediate,0.016448538541561798,7
intermediate,major,0.022837459735105665,9
intermediate,none,-0.011602608003828918,6
major,intermediate,0.0016383490605850976,8
major,major,0.008976319657858858,5
major,minor,0.0,2
major,none,0.012642402973832966,5
minor,none,-0.0017361111111111212,3
none,intermediate,-0.007406482728033534,7
none,major,0.03072124153910586,5
none,minor,-0.04166666666666668,3
none,none,-0.006229899477184385,2
