a_gender,b_gender,mean_weight,count
F,M,0.02169877819548872,4
M,F,0.023255813953488372,2
M,M,0.010371572871572867,8
