a_category,b_category,mean_weight,count
intermediate,intermediate,-0.03651632605120977,7
intermediate,major,-0.004264999182184443,9
intermediate,none,-0.026121912748322356,6
major,intermediate,0.03471989287162241,8
major,major,-0.003184487647997597,5
major,minor,0.0,2
major,none,0.005138100941229048,5
minor,none,-0.020254629629629636,3
none,intermediate,-0.00947903577842775,7
none,major,0.002862914732672456,5
none,minor,0.013888888888888888,3
none,none,0.007812184351086434,2
