a_gender,b_gender,mean_weight,count
F,F,0.0011350345560871902,6
F,M,0.020659560679037427,11
M,F,0.01685972667132873,13
M,M,0.008623287420975246,19
