a_gender,b_gender,mean_weight,count
F,F,0.0,2
F,M,0.03510918345832958,7
M,F,0.03587962962962962,4
M,M,0.033654064783014644,9
