a_gender,b_gender,mean_weight,count
F,F,-0.026350345560871874,6
F,M,-0.0018696808674645445,11
M,F,0.028813575810051822,13
M,M,0.008767846545458407,19
