a_category,b_category,mean_weight,count
intermediate,intermediate,0.02013440860215053,4
intermediate,major,0.012771739130434775,4
intermediate,none,0.030527688067370606,6
major,intermediate,0.031339031339031334,3
major,major,0.0045579805996472655,3
major,none,0.006989623022231713,4
none,intermediate,0.005555555555555559,3
none,major,0.0759527443216191,4
none,minor,0.0,2
none,none,0.001136363636363628,2
