a_category,b_category,mean_weight,count
intermediate,intermediate,0.0130986933416503,6
intermediate,major,0.07557471264367814,4
intermediate,none,-0.02018374461115144,6
major,intermediate,0.0008064516129032256,6
major,major,0.04728793309438471,5
major,none,-0.009652955976485389,4
minor,major,0.06999999999999998,1
minor,none,0.0,2
none,intermediate,-0.0026923076923076883,5
none,major,0.05212184640756068,4
none,minor,2.0816681711721685e-17,2
none,none,0.047619047619047616,2
