a_gender,b_gender,mean_weight,count
F,F,0.005961802258098551,3
F,M,0.0033171963361417972,8
M,F,0.01538704174271371,9
M,M,0.017796267730273204,11
