a_category,b_category,mean_weight,count
intermediate,intermediate,-0.006704355869226569,8
intermediate,major,-0.023880939053112303,8
intermediate,none,-0.005209438519898867,6
major,intermediate,-0.030579344429934045,8
major,major,-0.04358132505679974,4
major,minor,0.0,2
major,none,0.0009838000377260492,5
minor,none,-3.469446951953614e-18,4
none,intermediate,-0.0015524736650211345,7
none,major,0.013350105868039868,5
none,minor,0.005434782608695651,2
none,none,-0.034725935828876994,2
