a_gender,b_gender,mean_weight,count
F,F,-0.012556716260419964,3
F,M,-0.003626062629361859,8
M,F,0.0065146011006580054,9
M,M,-0.002192302759536763,11
