a_gender,b_gender,mean_weight,count
F,F,-0.04414335664335665,2
F,M,-0.0444036479781668,8
M,F,-0.003862653100980453,8
M,M,-0.01576877442712425,12
