a_gender,b_gender,mean_weight,count
F,M,0.02395833333333333,3
M,F,-0.02535273368606702,3
M,M,0.030437353475572262,8
