a_category,b_category,mean_weight,count
intermediate,intermediate,0.03536507936507936,5
intermediate,major,-0.017142857142857144,3
intermediate,none,-0.002233366907279938,4
major,intermediate,0.00014430014430013896,3
major,major,0.02548795681063124,2
major,none,-0.005737449143496332,4
minor,major,0.0394736842105263,1
none,intermediate,-0.034697906940554,4
none,major,0.062098063973063944,4
none,minor,0.0,2
none,none,-0.05,2
