a_gender,b_gender,mean_weight,count
F,F,0.012921115492385891,130
F,M,0.007591791010993567,100
M,F,0.013281011039391107,110
M,M,0.005600560185441445,43
