a_gender,b_gender,mean_weight,count
F,F,-0.007940754321107142,44
F,M,-9.885680933159786e-05,31
M,F,-0.0019787855208466196,44
M,M,-0.0009836180146416886,10
