a_gender,b_gender,mean_weight,count
F,F,0.003164777858392307,130
F,M,0.0049637438388624175,100
M,F,-0.000597053730572069,110
M,M,0.0008529321410933226,43
