a_gender,b_gender,mean_weight,count
F,F,-0.0007229447445097186,105
F,M,0.005165265219702397,79
M,F,-0.0040643960868409195,90
M,M,-0.0006994575839692726,30
