a_gender,b_gender,mean_weight,count
F,F,0.0035408916397219148,84
F,M,-0.00843818301255666,46
M,F,0.0019422880990643712,69
M,M,0.0036790838788789606,26
