a_gender,b_gender,mean_weight,count
F,F,0.009547298757536645,105
F,M,0.005344431737034958,79
M,F,0.009726281327557448,90
M,M,-0.00019339703440062703,30
