a_category,b_category,mean_weight,count
intermediate,intermediate,-0.0008672949474816916,41
intermediate,major,0.006783355476293173,68
intermediate,minor,0.02380952380952381,6
major,intermediate,-0.003953963492025262,50
major,major,-0.00015965390085459743,28
major,minor,-0.0036630036630036626,7
major,none,0.0,1
minor,intermediate,-0.008297258297258294,6
minor,major,-0.008942389664896059,17
minor,minor,0.0,2
none,major,0.0,1
