a_gender,b_gender,mean_weight,count
F,F,0.010089434559248803,10
F,M,-0.027875636672325985,4
M,F,-0.0028887518894672223,8
M,M,0.07142857142857144,2
