a_gender,b_gender,mean_weight,count
F,F,0.017330898924229097,15
F,M,-0.01477092530220872,9
M,F,0.03312713817186363,11
M,M,0.02192982456140351,2
