a_category,b_category,mean_weight,count
intermediate,major,0.035676525443873654,6
intermediate,minor,0.0,1
major,intermediate,-0.016716090432328874,5
major,major,0.0011435420732961077,4
major,minor,-0.00819568272398461,6
minor,intermediate,0.014054232804232805,4
minor,major,-0.0066827085444106675,6
