a_gender,b_gender,mean_weight,count
F,F,0.0008081152954669122,12
F,M,-0.002895494816932996,8
M,F,0.005391900981562587,11
M,M,-0.04878048780487806,1
