a_gender,b_gender,mean_weight,count
F,F,-0.007771058306772596,7
F,M,0.0022052755633703946,4
M,F,0.018402777777777775,4
