a_gender,b_gender,mean_weight,count
F,F,0.014949565060099118,15
F,M,0.004756040796021919,9
M,F,-6.87227754881657e-06,11
M,M,0.03508771929824561,2
