a_gender,b_gender,mean_weight,count
F,F,-0.0020395237831595113,12
F,M,0.010693909855395072,8
M,F,-0.003013783192543544,11
M,M,0.07407407407407408,1
