a_gender,b_gender,mean_weight,count
F,F,0.005404317353922129,12
F,M,-0.009963063083533771,8
M,F,0.009021801111773402,11
M,M,0.0462962962962963,1
