a_gender,b_gender,mean_weight,count
F,F,-0.011982928306457719,5
F,M,-0.021883973987769235,4
M,F,-0.0036354429412214333,4
