a_category,b_category,mean_weight,count
intermediate,major,-0.002455693815987944,4
major,intermediate,0.0031939605110336785,4
major,major,-0.010396232057416271,4
minor,major,0.022222222222222223,3
