a_gender,b_gender,mean_weight,count
F,F,0.0006199768508975446,12
F,M,-0.01913676675627199,8
M,F,-0.010642216983198057,10
M,M,0.03666666666666667,1
