a_category,b_category,mean_weight,count
intermediate,major,0.00662376437061311,4
major,intermediate,-0.04298902574764644,3
major,major,-0.0029753104671791856,4
minor,major,-0.023809523809523822,2
