a_category,b_category,mean_weight,count
intermediate,major,-0.014274704060179106,6
intermediate,minor,0.0,1
major,intermediate,-0.01227031304773279,5
major,major,0.0010347204488658744,4
major,minor,-0.012291567337640176,6
minor,intermediate,0.005260416666666665,4
minor,major,-0.003968253968253963,5
