a_gender,b_gender,mean_weight,count
F,F,0.01944346567911657,17
F,M,-0.008585816436801659,12
M,F,0.011326364639404703,15
M,M,-0.0037781762295081957,4
