a_gender,b_gender,mean_weight,count
F,F,-0.0010031677832784945,33
F,M,-0.0008353144549940683,18
M,F,-0.000509282782437962,19
M,M,-0.006877357535252277,6
