a_gender,b_gender,mean_weight,count
F,F,0.006175030690797577,29
F,M,-0.0031353252075875656,13
M,F,0.002205777700286084,15
M,M,0.005905317543248575,6
