a_gender,b_gender,mean_weight,count
F,F,-0.004508039369213218,29
F,M,0.0014563405452484195,13
M,F,-0.006226981252772805,15
M,M,0.00647546897546897,6
