a_gender,b_gender,mean_weight,count
F,F,-0.0016220303349016236,9
F,M,0.0024357997724040754,9
M,F,0.0040488831246013705,11
M,M,-0.007556352459016391,2
