a_gender,b_gender,mean_weight,count
F,F,-0.011669025419025423,10
F,M,-0.004112162164431081,9
M,F,-0.004162956338100991,10
M,M,-0.051666666666666666,2
