a_gender,b_gender,mean_weight,count
F,F,0.013997440325542974,29
F,M,0.010606080478164961,13
M,F,0.004724234658374185,15
M,M,-0.015289802789802793,6
