a_gender,b_gender,mean_weight,count
F,F,0.017071554589753433,33
F,M,0.008649139252964132,18
M,F,0.007609684888311816,19
M,M,0.008780910391618194,6
