a_gender,b_gender,mean_weight,count
F,F,-0.0019986072378952715,28
F,M,0.0002465434151573441,13
M,F,-0.002356363472914332,15
M,M,-0.01463394908556199,6
