a_gender,F,M
F,0.012921115492385876,0.007591791010993559
M,0.013281011039391095,0.005600560185441453
