a_gender,F,M
F,0.0018785958513331878,0.02020257338024986
M,0.006194105412885,0.0069124799348476386
