a_category,major,intermediate,minor
major,0.003714532055519929,-0.00018844916067133476,
intermediate,0.021223080318886735,0.00813971025568224,
minor,0.0,,
