a_gender,F,M
F,0.0011350345560872006,0.020659560679037417
M,0.016859726671328703,0.008623287420975232
