a_category,major,intermediate,minor
major,-0.0019625479000554996,0.03251808390482243,0.04319923371647508
intermediate,0.009205078997806246,0.0017775443510737508,
minor,-0.009259259259259267,,
