a_gender,b_gender,mean_weight,count
F,F,0.01875941239569985,12
F,M,-0.030389261352750926,27
M,F,0.019973845710658623,29
M,M,0.01712282073422846,141
