a_gender,b_gender,mean_weight,count
F,F,0.033304588264777044,7
F,M,-0.011667599343802265,20
M,F,0.0212172882517851,21
M,M,0.010202895676438282,101
