a_category,b_category,mean_weight,count
intermediate,intermediate,-0.0029391506598417765,12
intermediate,major,-0.009590051727789765,25
intermediate,minor,0.010123015873015862,8
major,intermediate,0.0006755046053617007,24
major,major,0.0076238378599257795,47
major,minor,-0.0045684860482654655,12
minor,intermediate,0.0225679413179413,8
minor,major,0.007696545878364045,11
minor,minor,-0.0059259259259259196,5
