a_category,b_category,mean_weight,count
intermediate,intermediate,0.014982616086979457,12
intermediate,major,0.004966772489306962,24
intermediate,minor,0.0168174399525206,8
major,intermediate,0.018298625499795523,23
major,major,0.010630458231495608,47
major,minor,-0.016020784770784776,11
minor,intermediate,0.002628968253968262,8
minor,major,0.02269991582491582,10
minor,minor,0.008333333333333316,6
