a_gender,b_gender,mean_weight,count
F,F,0.006208380862479432,6
F,M,0.003447334766696304,22
M,F,0.012028866611877655,21
M,M,-4.318699105274204e-05,103
