a_gender,b_gender,mean_weight,count
F,F,0.008429466044574388,23
F,M,-0.01351241881226248,48
M,F,0.013894038369403847,50
M,M,0.015036007881394926,173
