a_category,b_category,mean_weight,count
intermediate,intermediate,0.014982616086979457,12
intermediate,major,-0.0009737825268916001,38
intermediate,minor,0.0168174399525206,8
major,intermediate,0.013542227117519963,36
major,major,0.012084320789706861,83
major,minor,-0.012931333408307105,12
minor,intermediate,0.011017416225749555,9
minor,major,0.020636287113559835,11
minor,minor,0.008333333333333316,6
