a_gender,b_gender,mean_weight,count
F,F,0.009666529932949693,17
F,M,-0.0013341226623893624,37
M,F,0.014505126209156088,40
M,M,0.010691341843650105,121
