a_gender,b_gender,mean_weight,count
F,F,-0.00992063492063492,6
F,M,0.004161208586674426,14
M,F,-0.0006244536670500084,13
M,M,-0.029451856413063308,12
