a_gender,b_gender,mean_weight,count
F,F,-0.002756117465156324,11
F,M,-0.01071519488740007,21
M,F,0.011286232985206085,21
M,M,0.0005337850663244886,32
