a_category,b_category,mean_weight,count
intermediate,major,-0.011157591126089156,14
major,intermediate,0.005127060748878606,13
major,major,0.013982419129593783,36
major,minor,0.021052631578947364,1
minor,intermediate,0.07812499999999999,1
minor,major,0.0,1
