a_gender,b_gender,mean_weight,count
F,F,-0.006880110899329462,10
F,M,0.010822908727508166,17
M,F,0.007086420793618771,19
M,M,0.013157994988069821,20
