a_gender,b_gender,mean_weight,count
F,F,-0.002839566338471575,11
F,M,0.008186378739794112,21
M,F,0.005498113945766307,21
M,M,0.005840988748597195,32
