a_gender,b_gender,mean_weight,count
F,F,-0.005121674674294885,10
F,M,-0.01572813420159168,17
M,F,0.014480251120308622,19
M,M,-0.002458102391264279,20
