a_gender,b_gender,mean_weight,count
F,F,0.0,3
F,M,-0.015664160401002512,8
M,F,-0.0370631753983047,4
M,M,-0.004653235653235664,5
