a_gender,F,M
F,0.0056168442465219575,-0.00995981415340031
M,0.04111879506351075,-7.569702440626067e-18
