a_category,major,intermediate,minor
major,0.005503885544504051,0.03046969675859716,-0.01123319157991934
intermediate,-0.005375418131805767,,0.0
minor,0.02316268387696957,0.05392156862745097,0.0
