a_gender,b_gender,mean_weight,count
F,F,0.013997440325542955,29
F,M,0.010606080478164952,13
M,F,0.004724234658374171,15
M,M,-0.015289802789802803,6
