a_gender,b_gender,mean_weight,count
F,F,0.006175030690797582,29
F,M,-0.003135325207587564,13
M,F,0.00220577770028608,15
M,M,0.005905317543248567,6
