a_gender,b_gender,mean_weight,count
F,F,0.01707155458975341,33
F,M,0.008649139252964129,18
M,F,0.007609684888311804,19
M,M,0.008780910391618166,6
