a_category,b_category,mean_weight,count
intermediate,intermediate,0.002260986949612777,9
intermediate,major,0.005285614081985074,20
intermediate,minor,0.02179487179487178,5
major,intermediate,0.023051787604099084,20
major,major,0.016612231544723875,4
major,minor,0.01080246913580245,6
minor,intermediate,0.0024999999999999996,4
minor,major,0.0089967111677638,6
minor,minor,0.0125,2
