a_category,major,intermediate,minor
major,0.004673923858631886,-0.01767945755544226,
intermediate,0.021263945613096684,0.013430715180525531,
minor,0.0,,
