a_gender,F,M
F,0.0029658829436794466,0.019003531530965796
M,0.003769558078121779,-0.0011483643048812466
