a_gender,F,M
F,0.008429466044574388,-0.01351241881226248
M,0.013894038369403847,0.015036007881394926
