a_gender,b_gender,mean_weight,count
F,F,0.012921115492385876,130
F,M,0.007591791010993559,100
F,,-0.023935025817555848,2
M,F,0.013281011039391095,110
M,M,0.005600560185441453,43
M,,-0.005263157894736833,3
,F,0.034277324791302646,2
,M,0.006666666666666667,3
,,0.0,1
