a_category,major,intermediate,minor
major,0.03152595344059824,0.003297310630808315,0.0111111111111111
intermediate,0.0245843695831153,,-0.0317460317460317
minor,-0.03776041666666668,0.0769230769230769,
