a_gender,F,M
F,0.036399920781606684,-0.00491538151617221
M,-0.001820069579646413,0.03093825785070022
