a_category,major,intermediate,minor
major,0.022790245793658206,0.015313955785930507,0.02979548005305582
intermediate,0.028214243020621116,0.027777777777777773,-0.06666666666666665
minor,0.0001858211233211251,0.0,
