a_gender,F,M
F,0.006114423382936263,0.014440305118920967
M,0.016556169307635475,0.054297889779795695
