a_gender,b_gender,mean_weight,count
F,F,0.00349008209914426,5
F,M,0.0042067754298229666,6
M,F,0.01097734501599972,5
M,M,0.02135779517474571,8
