a_gender,b_gender,mean_weight,count
F,F,0.00872520524786065,2
F,M,0.0047364848052473,5
M,F,0.0062186912799090995,5
M,M,-0.003625243121552556,7
