character,out_degree,in_degree,adaptability_out_strength,adaptability_in_strength,betweenness,betweenness_weighted,gender,category
Alexis Ivanovitch,6,6,0.1487204055010332,0.11144630607062292,0.5833333333333333,0.738095238095238,M,major
The General,3,2,0.103047412945111,0.0059161185696689,0.0,0.0,M,intermediate
Polina Alexandrovna,2,2,0.0394556188831363,0.0254595469719328,0.0,0.0,F,major
Antonida Vassilievna Tarassevitcha,4,4,0.033607800480878504,0.105965937158334,0.17857142857142855,0.38095238095238093,F,major
The Croupier,1,0,0.0285714285714285,0.0,0.0,0.0,M,minor
Mr. Astley,1,1,0.0279991195245432,0.0547016274864376,0.0,0.0,M,intermediate
Marqis De Griers,1,3,0.0243719535058117,0.07735745614035079,0.0,0.0,M,intermediate
Mlle. Blanche,1,1,0.012079831932773,0.0370065789473684,0.0,0.0,F,intermediate
