a_category,b_category,mean_weight,count
intermediate,intermediate,-5.782411586589357e-19,6
intermediate,major,0.010643312374037978,28
intermediate,minor,-0.011979166666666666,8
major,intermediate,-0.013117785183155017,23
major,major,-0.013498267489462402,55
major,minor,0.0,2
minor,intermediate,0.0193014705882353,4
minor,major,-0.014550264550264544,6
minor,minor,-0.00396825396825397,3
