a_category,b_category,mean_weight,count
intermediate,intermediate,0.014982616086979471,12
intermediate,major,-0.0009737825268916011,38
intermediate,minor,0.016817439952520594,8
major,intermediate,0.013542227117519965,36
major,major,0.012084320789706865,83
major,minor,-0.012931333408307105,12
minor,intermediate,0.011017416225749553,9
minor,major,0.02063628711355984,11
minor,minor,0.008333333333333328,6
