a_gender,b_gender,mean_weight,count
F,F,0.0,3
F,M,-0.023347565240671178,16
M,F,-0.010850145699283636,11
M,M,-0.005252301891705153,31
