a_gender,b_gender,mean_weight,count
F,F,0.008629789134591656,23
F,M,-0.013016060463987069,48
M,F,0.0021143252593488256,50
M,M,0.006010683469009386,173
