a_category,b_category,mean_weight,count
intermediate,intermediate,-0.027801559409450793,15
intermediate,major,0.011342316321394564,50
intermediate,minor,-0.004498884320312894,14
major,intermediate,-0.004143190769798158,46
major,major,-0.002967660272499259,95
major,minor,0.003108044733044736,25
minor,intermediate,0.03170507357753808,10
minor,major,0.019585929715240064,29
minor,minor,0.01419413919413919,10
