a_gender,b_gender,mean_weight,count
F,F,0.009666529932949693,17
F,M,-0.0013341226623893726,37
M,F,0.014505126209156099,40
M,M,0.01069134184365011,121
