a_gender,b_gender,mean_weight,count
F,F,-0.005411255411255411,11
F,M,-0.014002600341665717,30
M,F,-0.008297387971643335,25
M,M,-0.002563743562055233,69
