a_gender,b_gender,mean_weight,count
F,F,0.008429466044574382,23
F,M,-0.013512418812262473,48
M,F,0.013894038369403852,50
M,M,0.015036007881394932,173
