a_gender,b_gender,mean_weight,count
F,F,0.009927322719733397,17
F,M,-0.00669394662020258,37
M,F,0.005735879163568422,40
M,M,0.0039910032172918945,121
