a_gender,b_gender,mean_weight,count
F,F,0.03713384981553586,12
F,M,0.020322986249765113,21
M,F,0.030618931197902367,20
M,M,0.0035142501733256976,79
