a_category,b_category,mean_weight,count
intermediate,intermediate,0.015976795564561504,16
intermediate,major,-0.004125109952856605,20
intermediate,minor,-4.11193712824132e-18,3
major,intermediate,0.011639980593453047,17
major,major,0.02486148511012601,18
major,minor,0.012499999999999971,4
minor,intermediate,0.051851851851851836,3
minor,major,-0.0736842105263158,1
