a_gender,b_gender,mean_weight,count
F,F,0.0142356944682526,4
F,M,0.013287903535397196,17
M,F,0.01671531683357839,13
M,M,0.009380167088849579,48
