a_gender,F,M
F,0.024991575980004115,0.012180207950900955
M,0.03738544070464796,-0.00240384615384615
